Id,Name,More
10,Abou Zayd,https://user-images.githubusercontent.com/46791116/121360218-20be0480-c92c-11eb-9dad-a0e1d23f6b94.png
14,Aderdour,https://user-images.githubusercontent.com/46791116/121360221-21569b00-c92c-11eb-8fa2-c955da8b6aa6.png
37,Afechkou Brahim,https://user-images.githubusercontent.com/46791116/121360223-21ef3180-c92c-11eb-95e9-ca19f7e2ea8e.png
34,Ahmad Taalib,https://user-images.githubusercontent.com/46791116/121360226-21ef3180-c92c-11eb-800d-a7676d420667.png
3,Aji Nsewlek,https://user-images.githubusercontent.com/46791116/121360227-21ef3180-c92c-11eb-8875-0bfdab0d1d5d.png
66,Ala Nadia,https://user-images.githubusercontent.com/46791116/121360228-2287c800-c92c-11eb-8911-4e9eff637c3c.png
43,Ali Dahyazi,https://user-images.githubusercontent.com/46791116/121360229-2287c800-c92c-11eb-94da-8587dc68d6ad.png
74,Amina Dehbi,https://user-images.githubusercontent.com/46791116/121360230-23205e80-c92c-11eb-8c53-2bc5fd8b1e3f.png
18,Amine Bekkouri,https://user-images.githubusercontent.com/46791116/121360231-23205e80-c92c-11eb-8830-93edaf22a23e.png
12,Amine Raghib,https://user-images.githubusercontent.com/46791116/121360232-23205e80-c92c-11eb-9584-2e4d5f935cd9.png
47,Badir Aziz,https://user-images.githubusercontent.com/46791116/121360233-23b8f500-c92c-11eb-8130-f48388866bb8.png
80,Beauty Addict Meryem,https://user-images.githubusercontent.com/46791116/121360235-23b8f500-c92c-11eb-9ef5-097f52f542df.png
48,Belga Ben,https://user-images.githubusercontent.com/46791116/121360237-23b8f500-c92c-11eb-8e35-97c8f2fa11d6.png
4,Belhaimer,https://user-images.githubusercontent.com/46791116/121360239-24518b80-c92c-11eb-9ad8-246089f0dff5.png
5,Belhaissi,https://user-images.githubusercontent.com/46791116/121360241-24518b80-c92c-11eb-8df4-4c60b95f5520.png
61,Chad Mom Beauty,https://user-images.githubusercontent.com/46791116/121360243-24ea2200-c92c-11eb-9916-b481e9441794.png
92,Chaimaa Mab,https://user-images.githubusercontent.com/46791116/121360245-24ea2200-c92c-11eb-8b24-a9e3df6de01c.png
65,Chaimae Ouarzazi,https://user-images.githubusercontent.com/46791116/121360251-24ea2200-c92c-11eb-98ba-462485c326f6.png
36,Chanqaoui,https://user-images.githubusercontent.com/46791116/121360253-2582b880-c92c-11eb-8a83-05ccdc802634.png
88,Charme Bladi,https://user-images.githubusercontent.com/46791116/121360258-2582b880-c92c-11eb-8a98-abbd4c6a3f64.png
39,Chef Mouha,https://user-images.githubusercontent.com/46791116/121360263-261b4f00-c92c-11eb-9497-c4f5ba97921c.png
59,Chef Souhainla,https://user-images.githubusercontent.com/46791116/121360264-26b3e580-c92c-11eb-99bf-afdf9a960563.png
32,Cheikh Radouane,https://user-images.githubusercontent.com/46791116/121360267-274c7c00-c92c-11eb-830b-e762ef7440c8.png
58,Choumicha,https://user-images.githubusercontent.com/46791116/121360270-287da900-c92c-11eb-9952-fb8314f80dd3.png
49,Driouche Adnane,https://user-images.githubusercontent.com/46791116/120485258-d24cbb00-c3ab-11eb-8825-7823ac985c9d.png
7,El Kamali,https://user-images.githubusercontent.com/46791116/121362401-f9683700-c92d-11eb-8f03-9218158512d6.png
8,El Omari,https://user-images.githubusercontent.com/46791116/121362404-fa00cd80-c92d-11eb-85bc-3f123de19577.png
84,Everything With Jiji,https://user-images.githubusercontent.com/46791116/121362405-fa00cd80-c92d-11eb-8091-c944dc2b9977.png
23,Fakhr-din L'hamri,https://user-images.githubusercontent.com/46791116/121362407-fa996400-c92d-11eb-918f-f92c6d69625d.png
90,Fedioua S,https://user-images.githubusercontent.com/46791116/121362408-fa996400-c92d-11eb-8767-097c429a7718.png
27,Fizazi,https://user-images.githubusercontent.com/46791116/121362411-fa996400-c92d-11eb-97fd-b49144daf2bb.png
70,Ghita Asfour,https://user-images.githubusercontent.com/46791116/121362412-fb31fa80-c92d-11eb-9159-9dcdaae8fd93.png
2,Habbat,https://user-images.githubusercontent.com/46791116/121362414-fb31fa80-c92d-11eb-956a-02332bfa2a0b.png
96,Hafssa Fancy,https://user-images.githubusercontent.com/46791116/121362415-fbca9100-c92d-11eb-9766-4196f07699ff.png
21,Hammouch Rifouli,https://user-images.githubusercontent.com/46791116/121362418-fbca9100-c92d-11eb-96cf-52a924d17411.png
22,Hamza Aychati,https://user-images.githubusercontent.com/46791116/121362421-fbca9100-c92d-11eb-8a91-4ac4c9507cff.png
56,Hanan Nekach,https://user-images.githubusercontent.com/46791116/121362422-fc632780-c92d-11eb-8e2e-c61002dc6a39.png
25,Hicham Mallouli,https://user-images.githubusercontent.com/46791116/121362424-fc632780-c92d-11eb-8f82-3eecb8e52ed7.png
20,Hikayah,https://user-images.githubusercontent.com/46791116/121362426-fcfbbe00-c92d-11eb-9c7c-54f9dab68661.png
79,Hind Realm,https://user-images.githubusercontent.com/46791116/121362427-fcfbbe00-c92d-11eb-9684-9c556552f4a3.png
51,Houda Sedki,https://user-images.githubusercontent.com/46791116/121362430-fcfbbe00-c92d-11eb-8f40-ab532cb02d22.png
85,Ichrak,https://user-images.githubusercontent.com/46791116/121362434-fd945480-c92d-11eb-97b8-3277ec81edc0.png
73,Ihssane Benalluch,https://user-images.githubusercontent.com/46791116/121362435-fd945480-c92d-11eb-8cbe-b5af533b6573.png
68,Ikram Bellanova,https://user-images.githubusercontent.com/46791116/121362437-fe2ceb00-c92d-11eb-8ede-a12f0f36df6b.png
45,Ilal Stories,https://user-images.githubusercontent.com/46791116/121362440-fe2ceb00-c92d-11eb-89a1-77e867bbfa5d.png
99,Imane Asoula,https://user-images.githubusercontent.com/46791116/121362441-fe2ceb00-c92d-11eb-8091-d0b2fdfa1400.png
57,Imane Biti,https://user-images.githubusercontent.com/46791116/121362445-fec58180-c92d-11eb-9b8a-8d6fac5fa20b.png
97,Imane Rhaymi,https://user-images.githubusercontent.com/46791116/121362446-fec58180-c92d-11eb-8900-c73799b500a9.png
77,In Line With Tima,https://user-images.githubusercontent.com/46791116/121362449-ff5e1800-c92d-11eb-9987-a1df53124392.png
69,Jihane Chlif,https://user-images.githubusercontent.com/46791116/121362452-ff5e1800-c92d-11eb-9054-b3249f3a471b.png
76,Jihane Kidari,https://user-images.githubusercontent.com/46791116/121362454-fff6ae80-c92d-11eb-8763-6f4174fc54e3.png
98,Kaoutar Barhmi,https://user-images.githubusercontent.com/46791116/121362455-fff6ae80-c92d-11eb-9e11-42b25a1c49c7.png
64,Kawtar Bamo,https://user-images.githubusercontent.com/46791116/121362456-fff6ae80-c92d-11eb-8d23-11fd523dc1c2.png
11,Lakhssam,https://user-images.githubusercontent.com/46791116/121362458-008f4500-c92e-11eb-9829-76f3ffd1ebad.png
9,Lamharzi,https://user-images.githubusercontent.com/46791116/121362459-008f4500-c92e-11eb-95e5-331433b2d31f.png
86,Le Monde De Rania,https://user-images.githubusercontent.com/46791116/121362462-0127db80-c92e-11eb-8f08-20121fd24b8c.png
95,Leila Chemam,https://user-images.githubusercontent.com/46791116/121362466-0127db80-c92e-11eb-9b68-303899014b5d.png
31,Les Profs,https://user-images.githubusercontent.com/46791116/121362468-0127db80-c92e-11eb-92a5-16e3f953f574.png
28,Mabrouk Zayd El-Khair,https://user-images.githubusercontent.com/46791116/121362471-01c07200-c92e-11eb-830e-2fb22a855eab.png
83,Malakies,https://user-images.githubusercontent.com/46791116/121362472-01c07200-c92e-11eb-8eb1-9ae373f85743.png
54,Malika Chahchouh,https://user-images.githubusercontent.com/46791116/121362474-02590880-c92e-11eb-87c9-0a2cda1933c0.png
33,Med Bouniss,https://user-images.githubusercontent.com/46791116/121362478-02590880-c92e-11eb-9830-660745c6f953.png
26,Mohammed 6 ,https://user-images.githubusercontent.com/46791116/121362479-02590880-c92e-11eb-963f-634215f44a3e.png
29,Mohammed Berkan,https://user-images.githubusercontent.com/46791116/121362480-02f19f00-c92e-11eb-9e1d-400f8c51de0c.png
93,Najia Fouzan,https://user-images.githubusercontent.com/46791116/121362482-02f19f00-c92e-11eb-9cf8-db27b7fe22d5.png
53,Narjiss Vlog,https://user-images.githubusercontent.com/46791116/121362484-038a3580-c92e-11eb-8338-0e47c13173f0.png
52,Nassima,https://user-images.githubusercontent.com/46791116/121362485-038a3580-c92e-11eb-8b39-921611601a15.png
38,Nidal Guessoum,https://user-images.githubusercontent.com/46791116/121362486-038a3580-c92e-11eb-972a-80a7e41dcd1a.png
91,Nisrine El Kettani,https://user-images.githubusercontent.com/46791116/121362488-0422cc00-c92e-11eb-8136-03d240333f7c.png
82,Nouhaila L,https://user-images.githubusercontent.com/46791116/121362490-0422cc00-c92e-11eb-8b1e-025b4ab0d21f.png
0,Ossagi,https://user-images.githubusercontent.com/46791116/121362492-04bb6280-c92e-11eb-953e-aff2a16a551c.png
6,Othmani,https://user-images.githubusercontent.com/46791116/121362493-04bb6280-c92e-11eb-95f4-7d2c1c803574.png
72,Oumaima Elghachi,https://user-images.githubusercontent.com/46791116/121362496-0553f900-c92e-11eb-96e0-b713880ba976.png
1,Oussama Boukh,https://user-images.githubusercontent.com/46791116/121362498-0553f900-c92e-11eb-9886-8f21d88a8042.png
30,Prof Echchabbi,https://user-images.githubusercontent.com/46791116/121362346-f2412900-c92d-11eb-943f-5a84de06a5ad.png
75,Rawaa Beauty,https://user-images.githubusercontent.com/46791116/121362350-f2d9bf80-c92d-11eb-97dc-f73ea7b5dd40.png
62,Rimane Beauty,https://user-images.githubusercontent.com/46791116/121362352-f3725600-c92d-11eb-9435-aa02b9442c25.png
67,Saadatu Aldarein,https://user-images.githubusercontent.com/46791116/121362355-f3725600-c92d-11eb-8338-31bda284e177.png
60,Safaa Channel,https://user-images.githubusercontent.com/46791116/121362359-f40aec80-c92d-11eb-97a4-944a55a2f7d6.png
19,Salah-Eddine Mansouri,https://user-images.githubusercontent.com/46791116/121362362-f40aec80-c92d-11eb-82bb-8a7b106204e6.png
15,Salim Hamidi,https://user-images.githubusercontent.com/46791116/121362364-f4a38300-c92d-11eb-9e26-bd4e2f391921.png
50,Sana bouda,https://user-images.githubusercontent.com/46791116/121362365-f4a38300-c92d-11eb-8e30-c691b8f7cb9c.png
89,Sara Aboujad,https://user-images.githubusercontent.com/46791116/121362366-f4a38300-c92d-11eb-8dec-aeeaab0c7bd2.png
13,Simo Life,https://user-images.githubusercontent.com/46791116/121362368-f53c1980-c92d-11eb-9fa5-2f9acc5d88a5.png
16,Soueelt,https://user-images.githubusercontent.com/46791116/121362369-f53c1980-c92d-11eb-8393-13f97f4118e9.png
81,Souma,https://user-images.githubusercontent.com/46791116/121362371-f5d4b000-c92d-11eb-860a-701bc6da160e.png
17,Swinga,https://user-images.githubusercontent.com/46791116/121362373-f5d4b000-c92d-11eb-885f-bcee766dc47b.png
44,Taha Essou,https://user-images.githubusercontent.com/46791116/121362375-f66d4680-c92d-11eb-8c4a-151c5170917d.png
24,Tayeb,https://user-images.githubusercontent.com/46791116/121362377-f66d4680-c92d-11eb-8b2e-c1f92f5d7eb4.png
87,Tout Pour Se Faire Belle,https://user-images.githubusercontent.com/46791116/121362379-f705dd00-c92d-11eb-9183-bdf4a1351458.png
71,Wafae Bardaouz,https://user-images.githubusercontent.com/46791116/121362383-f79e7380-c92d-11eb-8004-6b9f7d40f296.png
63,Wissal Ali,https://user-images.githubusercontent.com/46791116/121362385-f79e7380-c92d-11eb-878b-ff873b963f71.png
35,Wld Ddo,https://user-images.githubusercontent.com/46791116/121362386-f79e7380-c92d-11eb-8256-a085f3d1f1af.png
46,Yasser Vlogs,https://user-images.githubusercontent.com/46791116/121362388-f8370a00-c92d-11eb-800c-3c54666fff70.png
41,Yassine Bougayou,https://user-images.githubusercontent.com/46791116/121362389-f8370a00-c92d-11eb-9439-02af8996059f.png
40,Yassine Vlog,https://user-images.githubusercontent.com/46791116/121362391-f8cfa080-c92d-11eb-84e5-d37116e7823c.png
42,Youssef Barcelona,https://user-images.githubusercontent.com/46791116/121362394-f8cfa080-c92d-11eb-8312-a5bc6d65eada.png
78,Zakia Beauty,https://user-images.githubusercontent.com/46791116/121362395-f8cfa080-c92d-11eb-8bc9-308b7cddf1b5.png
55,Zineb Aghrib,https://user-images.githubusercontent.com/46791116/121362399-f9683700-c92d-11eb-8497-9270c2257126.png
94,Zineb Koutten,https://user-images.githubusercontent.com/46791116/121362400-f9683700-c92d-11eb-9e4f-0d971ffa3306.png
